time,size
100.04240136254901,1402
200.044365676737,1331
300.0552869749161,1184
400.0560477962112,1156
500.06486092055326,1185
600.0797535324052,1117
700.098110278172,1227
800.117201499902,1319
900.1186525292212,1297
1000.1223256904419,1332
1100.133518210599,1368
1200.1824085560784,1481
1300.187535696073,1534
1400.1939304007046,1461
1500.2054002395794,1347
1600.2264730592392,1379
1700.2307422623667,1151
1800.2699762377117,1177
1900.2778114194614,1311
