time,size
100.0105870146771,1574
200.01984797267582,1641
300.0229961542846,1694
400.05641335650114,1866
500.08306409142085,1782
600.0960615953355,1905
700.1176816728331,1986
800.1235348307804,2246
900.1277472250953,2174
1000.1377915838908,2028
1100.1420257802613,2052
1200.1557433157063,2133
1300.1590509982261,2107
1400.1859547740366,2140
1500.21219275696,2196
1600.2268175021206,2048
1700.2550686909617,1940
1800.255335276813,1698
1900.2665278226552,1762
