time,size
100.0035178356573,973
200.00412802338207,938
300.0079558225897,834
400.03144339316816,889
500.045835116215,951
600.0522310169704,975
700.0598786885222,1133
800.0887524645657,1307
900.0943131711223,1311
1000.1161571008287,1214
1100.118519485002,1145
1200.1361282791875,1097
1300.139425658101,958
1400.1612234020492,1112
1500.1666465259993,1154
1600.1920322992912,1139
1700.208078399445,1141
1800.269565910283,1154
1900.2931727926505,1067
